'8840,大京,TKY
'6345,ｱｲﾁｺｰﾎﾟﾚｰｼｮﾝ,TKY
'1407,ｳｴｽﾄﾎｰﾙﾃﾞｨﾝｸﾞｽ,TKY
'2908,ﾌｼﾞｯｺ,TKY
'8789,ﾌｨﾝﾃｯｸｸﾞﾛｰﾊﾞﾙ,TKY
'4421,ﾃﾞｨ･ｱｲ･ｼｽﾃﾑ,TKY
'7102,日本車輌,TKY
'5216,倉元製作所,TKY
'3911,Aiming,TKY
'6755,富士通ｾﾞﾈﾗﾙ,TKY
'2722,ｱｲｹｲ,TKY
'1815,鉄建建設,TKY
'4816,東映ｱﾆﾒｰｼｮﾝ,TKY
'8363,北國銀行,TKY
'9503,関西電力,TKY
'8841,ﾃｰｵｰｼｰ,TKY
'9303,住友倉庫,TKY
'7408,ｼﾞｬﾑｺ,TKY
'3186,ﾈｸｽﾃｰｼﾞ,TKY
'3907,ｼﾘｺﾝｽﾀｼﾞｵ,TKY
'9792,ﾆﾁｲ学館,TKY
'5857,ｱｻﾋHD,TKY
'8806,ﾀﾞｲﾋﾞﾙ,TKY
'4348,ｲﾝﾌｫｺﾑ,TKY
'8591,ｵﾘｯｸｽ,TKY
'5271,ﾄｰﾖｰｱｻﾉ,TKY
'7867,ﾀｶﾗﾄﾐｰ,TKY
'8036,日立ﾊｲﾃｸﾉﾛｼﾞｰｽﾞ,TKY
'9502,中部電力,TKY
'5706,三井金属,TKY
'1959,九電工,TKY
'3810,ｻｲﾊﾞｰｽﾃｯﾌﾟ,TKY
'1820,西松建設,TKY
'6172,ﾒﾀｯﾌﾟｽ,TKY
'8804,東京建物,TKY
'3548,ﾊﾞﾛｯｸｼﾞｬﾊﾟﾝ,TKY
'6796,ｸﾗﾘｵﾝ,TKY
'8566,ﾘｺｰﾘｰｽ,TKY
'8844,ｺｽﾓｽｲﾆｼｱ,TKY
'4951,ｴｽﾃｰ,TKY
'6961,ｴﾝﾌﾟﾗｽ,TKY
'8923,ﾄｰｾｲ,TKY
'8253,ｸﾚﾃﾞｨｾｿﾞﾝ,TKY
'1973,NECﾈｯﾂｴｽｱｲ,TKY
'3106,倉敷紡績,TKY
'5714,DOWAﾎｰﾙﾃﾞｨﾝｸﾞｽ,TKY
'6278,ﾕﾆｵﾝﾂｰﾙ,TKY
'8715,ｱﾆｺﾑﾎｰﾙﾃﾞｨﾝｸﾞｽ,TKY
'5614,川金ﾎｰﾙﾃﾞｨﾝｸﾞｽ,TKY
'3289,東急不動産HD,TKY
'9513,電源開発,TKY
'9519,ﾚﾉﾊﾞ,TKY
'2038,NN原油ﾌﾞﾙETN,TKY
'5911,横河ﾌﾞﾘｯｼﾞHLDGS,TKY
'8060,ｷﾔﾉﾝﾏｰｹﾃｨﾝｸﾞJPN,TKY
'8088,岩谷産業,TKY
'9201,日本航空,TKY
'7844,ﾏｰﾍﾞﾗｽ,TKY
'5233,太平洋ｾﾒﾝﾄ,TKY
'1833,奥村組,TKY
'6744,能美防災,TKY
'2681,ｹﾞｵﾎｰﾙﾃﾞｨﾝｸﾞｽ,TKY
'9413,ﾃﾚﾋﾞ東京HD,TKY
'8078,阪和興業,TKY
'1720,東急建設,TKY
'4151,協和発酵ｷﾘﾝ,TKY
'7241,ﾌﾀﾊﾞ産業,TKY
'5002,昭和ｼｴﾙ石油,TKY
'1925,大和ﾊｳｽ,TKY
'6413,理想科学工業,TKY
'7198,ｱﾙﾋ,TKY
'6664,ｵﾌﾟﾄｴﾚｸﾄﾛﾆｸｽ,TKY
'2264,森永乳業,TKY
'2685,ｱﾀﾞｽﾄﾘｱ,TKY
'9507,四国電力,TKY
'9076,ｾｲﾉｰﾎｰﾙﾃﾞｨﾝｸﾞｽ,TKY
'7976,三菱鉛筆,TKY
'4212,積水樹脂,TKY
'8133,伊藤忠ｴﾈｸｽ,TKY
'4272,日本化薬,TKY
'2931,ﾕｰｸﾞﾚﾅ,TKY
'8803,平和不動産,TKY
'6332,月島機械,TKY
'8140,ﾘｮｰｻﾝ,TKY
'9086,日立物流,TKY
'8570,ｲｵﾝﾌｨﾅﾝｼｬﾙｻｰﾋﾞｽ,TKY
'3088,ﾏﾂﾓﾄｷﾖｼHLDGS,TKY
'8905,ｲｵﾝﾓｰﾙ,TKY
'3861,王子ﾎｰﾙﾃﾞｨﾝｸﾞｽ,TKY
'9069,ｾﾝｺｰｸﾞﾙｰﾌﾟHLDGS,TKY
'7716,ﾅｶﾆｼ,TKY
'9602,東宝,TKY
'8015,豊田通商,TKY
'7965,象印ﾏﾎｰﾋﾞﾝ,TKY
'8358,ｽﾙｶﾞ銀行,TKY
'9202,ANAﾎｰﾙﾃﾞｨﾝｸﾞｽ,TKY
'3231,野村不動産HLDGS,TKY
'3941,ﾚﾝｺﾞｰ,TKY
'4847,ｲﾝﾃﾘｼﾞｪﾝﾄｳｪｲﾌﾞ,TKY
'7818,ﾄﾗﾝｻﾞｸｼｮﾝ,TKY
'1944,きんでん,TKY
'9301,三菱倉庫,TKY
'1802,大林組,TKY
'7242,KYB,TKY
'6740,ｼﾞｬﾊﾟﾝﾃﾞｨｽﾌﾟﾚｲ,TKY
'9501,東京電力HD,TKY
'8425,興銀ﾘｰｽ,TKY
'3863,日本製紙,TKY
'9793,ﾀﾞｲｾｷ,TKY
'8909,ｼﾉｹﾝｸﾞﾙｰﾌﾟ,TKY
'3003,ﾋｭｰﾘｯｸ,TKY
'7943,ﾆﾁﾊ,TKY
'3436,SUMCO,TKY
'3608,TSIﾎｰﾙﾃﾞｨﾝｸﾞｽ,TKY
'8359,八十二銀行,TKY
'1893,五洋建設,TKY
'3402,東ﾚ,TKY
'9005,東京急行,TKY
'8850,ｽﾀｰﾂｺｰﾎﾟﾚｰｼｮﾝ,TKY
'9104,商船三井,TKY
'1969,高砂熱学,TKY
'4091,大陽日酸,TKY
'2768,双日,TKY
'5711,三菱ﾏﾃﾘｱﾙ,TKY
'2001,日本製粉,TKY
'3099,三越伊勢丹HD,TKY
'8233,高島屋,TKY
'7274,ｼｮｰﾜ,TKY
'6703,沖電気,TKY
'1803,清水建設,TKY
'5741,UACJ,TKY
'4043,ﾄｸﾔﾏ,TKY
'9505,北陸電力,TKY
'8237,松屋,TKY
'2579,ｺｶ･ｺｰﾗﾎﾞﾄﾗｰｽﾞJHD,TKY
'8214,AOKIﾎｰﾙﾃﾞｨﾝｸﾞｽ,TKY
'4208,宇部興産,TKY
'1860,戸田建設,TKY
'5406,神戸製鋼所,TKY
'9948,ｱｰｸｽ,TKY
'8001,伊藤忠,TKY
'9001,東武鉄道,TKY
'3254,ﾌﾟﾚｻﾝｽｺｰﾎﾟﾚｰｼｮﾝ,TKY
'4714,ﾘｿｰ教育,TKY
'6323,ﾛｰﾂｪ,TKY
'3636,三菱総合研究所,TKY
'5017,富士石油,TKY
'9364,上組,TKY
'1928,積水ﾊｳｽ,TKY
'5105,東洋ｺﾞﾑ,TKY
'5703,日本軽金属HD,TKY
'1861,熊谷組,TKY
'6272,ﾚｵﾝ自動機,TKY
'2157,ｺｼﾀﾞｶﾎｰﾙﾃﾞｨﾝｸﾞｽ,TKY
'9869,加藤産業,TKY
'7608,ｴｽｹｲｼﾞｬﾊﾟﾝ,TKY
'8830,住友不動産,TKY
'3491,GATECHNOLOGIES,TKY
'8729,SONYFH,TKY
'7911,凸版印刷,TKY
'6622,ﾀﾞｲﾍﾝ,TKY
'5713,住友鉱山,TKY
'8801,三井不動産,TKY
'4045,東亞合成,TKY
'9506,東北電力,TKY
'6457,ｸﾞﾛｰﾘｰ,TKY
'8219,青山商事,TKY
'6412,平和,TKY
'8410,ｾﾌﾞﾝ銀行,TKY
'4204,積水化学,TKY
'9031,西日本鉄道,TKY
'7250,太平洋工業,TKY
'8130,ｻﾝｹﾞﾂ,TKY
'6967,新光電気工業,TKY
'6707,ｻﾝｹﾝ電気,TKY
'4631,DIC,TKY
'9042,阪急阪神HLDGS,TKY
'5110,住友ｺﾞﾑ,TKY
'8086,ﾆﾌﾟﾛ,TKY
'7550,ｾﾞﾝｼｮｰﾎｰﾙﾃﾞｨﾝｸﾞｽ,TKY
'2503,ｷﾘﾝHD,TKY
'9508,九州電力,TKY
'7970,信越ﾎﾟﾘﾏｰ,TKY
'3612,ﾜｰﾙﾄﾞ,TKY
'9409,ﾃﾚﾋﾞ朝日HD,TKY
'4203,住友ﾍﾞ-ｸﾗｲﾄ,TKY
'9681,東京ﾄﾞｰﾑ,TKY
'3547,串ｶﾂ田中HLDGS,TKY
'9783,ﾍﾞﾈｯｾﾎｰﾙﾃﾞｨﾝｸﾞｽ,TKY
'9412,ｽｶﾊﾟｰJSATHD,TKY
'8185,ﾁﾖﾀﾞ,TKY
'6292,ｶﾜﾀ,TKY
'1881,NIPPO,TKY
'9024,西武ﾎｰﾙﾃﾞｨﾝｸﾞｽ,TKY
'6952,ｶｼｵ,TKY
'4205,日本ｾﾞｵﾝ,TKY
'7860,ｴｲﾍﾞｯｸｽ,TKY
'3104,富士紡ﾎｰﾙﾃﾞｨﾝｸﾞｽ,TKY
'1890,東洋建設,TKY
'4005,住友化学,TKY
'1812,鹿島建設,TKY
'4745,東京個別指導学院,TKY
'2121,ﾐｸｼｨ,TKY
'6282,ｵｲﾚｽ工業,TKY
'1379,ﾎｸﾄ,TKY
'1808,長谷工ｺｰﾎﾟﾚｰｼﾖﾝ,TKY
'9551,ﾒﾀｳｫｰﾀｰ,TKY
'8031,三井物産,TKY
'1805,飛島建設,TKY
'3222,ﾕﾅｲﾃｯﾄﾞ･ｽｰﾊﾟｰﾏｰｹ,TKY
'8336,武蔵野銀行,TKY
'6724,ｾｲｺｰｴﾌﾟｿﾝ,TKY
'9007,小田急電鉄,TKY
'6460,ｾｶﾞｻﾐｰﾎｰﾙﾃﾞｨﾝｸﾞｽ,TKY
'8012,長瀬産業,TKY
'1671,WTI原油ETF,TKY
'6794,ﾌｵｽﾀ-電機,TKY
'1721,ｺﾑｼｽﾎｰﾙﾃﾞｨﾝｸﾞｽ,TKY
'9531,東京瓦斯,TKY
'7936,ｱｼｯｸｽ,TKY
'9010,富士急行,TKY
'6473,ｼﾞｪｲﾃｸﾄ,TKY
'1356,TOPIXﾍﾞｱ2倍ETF,TKY
'5101,横浜ｺﾞﾑ,TKY
'2398,ﾂｸｲ,TKY
'3050,DCMﾎｰﾙﾃﾞｨﾝｸﾞｽ,TKY
'3668,ｺﾛﾌﾟﾗ,TKY
'2160,ｼﾞｰｴﾇｱｲｸﾞﾙｰﾌﾟ,TKY
'4536,参天製薬,TKY
'5707,東邦亜鉛,TKY
'6013,ﾀｸﾏ,TKY
'6498,ｷｯﾂ,TKY
'5444,大和工業,TKY
'9072,ﾆｯｺﾝﾎｰﾙﾃﾞｨﾝｸﾞｽ,TKY
'4095,日本ﾊﾟ-ｶﾗｲｼﾞﾝｸﾞ,TKY
'6925,ｳｼｵ電機,TKY
'4061,ﾃﾞﾝｶ,TKY
'4042,東ｿｰ,TKY
'7821,前田工繊,TKY
'9101,日本郵船,TKY
'4041,日本曹達,TKY
'5803,ﾌｼﾞｸﾗ,TKY
'3105,日清紡ﾎｰﾙﾃﾞｨﾝｸﾞｽ,TKY
'9956,ﾊﾞﾛｰﾎｰﾙﾃﾞｨﾝｸﾞｽ,TKY
'5463,丸一鋼管,TKY
'3151,ﾊﾞｲﾀﾙKSKHD,TKY
'9509,北海道電力,TKY
'6770,ｱﾙﾌﾟｽ電気,TKY
'3405,ｸﾗﾚ,TKY
'6113,ｱﾏﾀﾞﾎｰﾙﾃﾞｨﾝｸﾞｽ,TKY
'1662,石油資源開発,TKY
'9003,相鉄ﾎｰﾙﾃﾞｨﾝｸﾞｽ,TKY
'7189,西日本ﾌｨﾅﾝｼｬﾙHD,TKY
'9532,大阪瓦斯,TKY
'8370,紀陽銀行,TKY
'9048,名古屋鉄道,TKY
'4186,東京応化工業,TKY
'5413,日新製鋼,TKY
'8022,美津濃,TKY
'8053,住友商事,TKY
'6503,三菱電機,TKY
'4183,三井化学,TKY
'8584,ｼﾞｬｯｸｽ,TKY
'6472,NTN,TKY
'2109,三井製糖,TKY
'5208,有沢製作所,TKY
'6361,荏原製作所,TKY
'3148,ｸﾘｴｲﾄSDH,TKY
'5423,東京製鐵,TKY
'9025,鴻池運輸,TKY
'9375,近鉄ｴｸｽﾌﾟﾚｽ,TKY
'9302,三井倉庫HOLD,TKY
'2726,ﾊﾟﾙｸﾞﾙｰﾌﾟHLDGS,TKY
'1357,日経ﾀﾞﾌﾞﾙｲﾝﾊﾞｰｽ,TKY
'8385,伊予銀行,TKY
'8802,三菱地所,TKY
'4182,三菱瓦斯化学,TKY
'4681,ﾘｿﾞｰﾄﾄﾗｽﾄ,TKY
'8331,千葉銀行,TKY
'6741,日本信号,TKY
'8604,野村ﾎｰﾙﾃﾞｨﾝｸﾞｽ,TKY
'1605,国際石油開発帝石,TKY
'5411,JFEﾎｰﾙﾃﾞｨﾝｸﾞｽ,TKY
'8586,日立ｷｬﾋﾟﾀﾙ,TKY
'1719,安藤･間,TKY
'5929,三和ﾎｰﾙﾃﾞｨﾝｸﾞｽ,TKY
'2784,ｱﾙﾌﾚｯｻﾎｰﾙﾃﾞｨﾝｸﾞｽ,TKY
'6816,ｱﾙﾊﾟｲﾝ,TKY
'9044,南海電鉄,TKY
'7729,東京精密,TKY
'6750,ｴﾚｺﾑ,TKY
'4321,ｹﾈﾃﾞｨｸｽ,TKY
'3197,すかいらｰくHD,TKY
'3086,J.ﾌﾛﾝﾄﾘﾃｲﾘﾝｸﾞ,TKY
'9504,中国電力,TKY
'7201,日産自動車,TKY
'8154,加賀電子,TKY
'8515,ｱｲﾌﾙ,TKY
'4617,中国塗料,TKY
'7240,NOK,TKY
'1824,前田建設,TKY
'4927,ﾎﾟｰﾗ･ｵﾙﾋﾞｽHD,TKY
'5401,新日鐵住金,TKY
'4755,楽天,TKY
'7459,ﾒﾃﾞｨﾊﾟﾙHD,TKY
'6409,ｷﾄｰ,TKY
'8303,新生銀行,TKY
'8242,ｴｲﾁ･ﾂｰ･ｵｰﾘﾃｲﾘﾝｸﾞ,TKY
'6302,住友重機械,TKY
'7581,ｻｲｾﾞﾘﾔ,TKY
'5020,JXTGﾎｰﾙﾃﾞｨﾝｸﾞｽ,TKY
'4579,ﾗｸｵﾘｱ創薬,TKY
'8377,ほくほくﾌｨﾅﾝｼｬﾙG,TKY
'4398,ﾌﾞﾛｰﾄﾞﾊﾞﾝﾄﾞｾｷｭﾘﾃ,TKY
'9699,西尾ﾚﾝﾄｵｰﾙ,TKY
'1961,三機工業,TKY
'4088,ｴｱ･ｳｫｰﾀｰ,TKY
'6366,千代田化工建,TKY
'2337,いちご,TKY
'8388,阿波銀行,TKY
'4634,東洋ｲﾝｷSCﾎｰﾙﾃﾞｨﾝ,TKY
'5631,日本製鋼所,TKY
'6135,牧野ﾌﾗｲｽ,TKY
'7267,本田技研,TKY
'3101,東洋紡,TKY
'8572,ｱｺﾑ,TKY
'7202,いすゞ自動車,TKY
'6326,ｸﾎﾞﾀ,TKY
'3632,ｸﾞﾘｰ,TKY
'6093,ｴｽｸﾛｰAJ,TKY
'4188,三菱ｹﾐｶﾙHLDGS,TKY
'4046,大阪ｿｰﾀﾞ,TKY
'3865,北越ｺｰﾎﾟﾚｰｼｮﾝ,TKY
'9006,京浜急行,TKY
'8418,山口ﾌｨﾅﾝｼｬﾙG,TKY
'8051,山善,TKY
'3541,農業総合研究所,TKY
'1822,大豊建設,TKY
'1360,日経平均ﾍﾞｱ2倍,TKY
'6104,東芝機械,TKY
'6463,TPR,TKY
'6728,ｱﾙﾊﾞｯｸ,TKY
'9142,九州旅客鉄道,TKY
'1366,大和225ﾀﾞﾌﾞﾙﾍﾞｱ,TKY
'4912,ﾗｲｵﾝ,TKY
'9037,ﾊﾏｷｮｳﾚｯｸｽ,TKY
'3048,ﾋﾞｯｸｶﾒﾗ,TKY
'1332,日本水産,TKY
'8002,丸紅,TKY
'2811,ｶｺﾞﾒ,TKY
'6289,技研製作所,TKY
'4549,栄研化学,TKY
'1571,NF日経ｲﾝﾊﾞｰｽETF,TKY
'8276,平和堂,TKY
'4044,ｾﾝﾄﾗﾙ硝子,TKY
'7994,ｵｶﾑﾗ,TKY
'3880,大王製紙,TKY
'9107,川崎汽船,TKY
'9404,日本ﾃﾚﾋﾞHLDS,TKY
'3774,ｲﾝﾀｰﾈｯﾄｲﾆｼｱﾃｨﾌﾞ,TKY
'7181,かんぽ生命保険,TKY
'2802,味の素,TKY
'1942,関電工,TKY
'2353,日本駐車場開発,TKY
'2501,ｻｯﾎﾟﾛﾎｰﾙﾃﾞｨﾝｸﾞｽ,TKY
'2810,ﾊｳｽ食品G本社,TKY
'3103,ﾕﾆﾁｶ,TKY
'3776,ﾌﾞﾛｰﾄﾞﾊﾞﾝﾄﾞﾀﾜｰ,TKY
'6079,ｴﾅﾘｽ,TKY
'6274,新川,TKY
'6481,THK,TKY
'6798,SMK,TKY
'7004,日立造船,TKY
'7180,九州ﾌｨﾅﾝｼｬﾙG,TKY
'7186,ｺﾝｺﾙﾃﾞｨｱ･ﾌｨﾅﾝｼｬﾙ,TKY
'7762,ｼﾁｽﾞﾝ時計,TKY
'8058,三菱商事,TKY
'8379,広島銀行,TKY
'8585,ｵﾘｺ,TKY
'8601,大和証券G本社,TKY
'8848,ﾚｵﾊﾟﾚｽ21,TKY
'9009,京成電鉄,TKY
'9831,ﾔﾏﾀﾞ電機,TKY
'7966,ﾘﾝﾃｯｸ,TKY
'9401,東京放送HD,TKY
'4185,JSR,TKY
'6479,ﾐﾈﾍﾞｱﾐﾂﾐ,TKY
'8098,稲畑産業,TKY
'5214,日本電気硝子,TKY
'6178,日本郵政,TKY
'3407,旭化成,TKY
'6823,ﾘｵﾝ,TKY
'8008,ﾖﾝﾄﾞｼｰﾎｰﾙﾃﾞｨﾝｸﾞｽ,TKY
'1950,日本電設工業,TKY
'7205,日野自動車,TKY
'8355,静岡銀行,TKY
'8933,ｴﾇ･ﾃｨ･ﾃｨ都市開発,TKY
'7912,大日本印刷,TKY
'7226,極東開発工業,TKY
'6592,ﾏﾌﾞﾁﾓｰﾀｰ,TKY
'6448,ﾌﾞﾗｻﾞｰ工業,TKY
'7182,ゆうちょ銀行,TKY
'6480,日本ﾄﾑｿﾝ,TKY
'7261,ﾏﾂﾀﾞ,TKY
'9945,ﾌﾟﾚﾅｽ,TKY
'6471,日本精工,TKY
'4613,関西ﾍﾟｲﾝﾄ,TKY
'8934,ｻﾝﾌﾛﾝﾃｨｱ不動産,TKY
'3291,飯田GHD,TKY
'8252,丸井ｸﾞﾙｰﾌﾟ,TKY
'5991,日本発条,TKY
'5801,古河電工,TKY
'5901,東洋製罐ｸﾞﾙｰﾌﾟHD,TKY
'2281,ﾌﾟﾘﾏﾊﾑ,TKY
'6330,東洋ｴﾝｼﾞﾆｱ,TKY
'2914,日本たばこ産業,TKY
'7164,全国保証,TKY
'6199,ｾﾗｸ,TKY
'8703,ｶﾌﾞﾄﾞｯﾄｺﾑ証券,TKY
'7832,ﾊﾞﾝﾀﾞｲﾅﾑｺHLDGS,TKY
'7270,SUBARU,TKY
'8304,あおぞら銀行,TKY
'6136,ｵｰｴｽｼﾞｰ,TKY
'9468,ｶﾄﾞｶﾜ,TKY
'1821,三井住友建設,TKY
'2296,伊藤ﾊﾑ米久HLDGS,TKY
'4975,JCU,TKY
'6506,安川電機,TKY
'6141,DMG森精機,TKY
'8897,ﾀｶﾗﾚｰﾍﾞﾝ,TKY
'6101,ﾂｶﾞﾐ,TKY
'6183,ﾍﾞﾙｼｽﾃﾑ24HLDGS,TKY
'4078,堺化学,TKY
'1926,ﾗｲﾄ工業,TKY
'9742,ｱｲﾈｽ,TKY
'5988,ﾊﾟｲｵﾗｯｸｽ,TKY
'1518,三井松島HLDGS,TKY
'5949,ﾕﾆﾌﾟﾚｽ,TKY
'1963,日揮,TKY
'1306,TOPIX連動型投信,TKY
'1308,ｲﾝﾃﾞｯｸｽFTOPIX,TKY
'8411,みずほﾌｨﾅﾝｼｬﾙG,TKY
'3245,ﾃﾞｨｱ･ﾗｲﾌ,TKY
'8334,群馬銀行,TKY
'5563,新日本電工,TKY
'2212,山崎製ﾊﾟﾝ,TKY
'9757,船井総研ﾎｰﾙﾃﾞｨﾝ,TKY
'8218,ｺﾒﾘ,TKY
'8125,ﾜｷﾀ,TKY
'1377,ｻｶﾀのﾀﾈ,TKY
'7230,日信工業,TKY
'7211,三菱自動車工業,TKY
'6674,ｼﾞｰｴｽ･ﾕｱｻｺｰﾎﾟ,TKY
'3116,ﾄﾖﾀ紡織,TKY
'6871,日本ﾏｲｸﾛﾆｸｽ,TKY
'6641,日新電機,TKY
'3401,帝人,TKY
'4028,石原産業,TKY
'6268,ﾅﾌﾞﾃｽｺ,TKY
'9842,ｱｰｸﾗﾝﾄﾞｻｶﾓﾄ,TKY
'8020,兼松,TKY
'6324,ﾊｰﾓﾆｯｸ･ﾄﾞﾗｲﾌﾞ･ｼｽ,TKY
'7224,新明和工業,TKY
'2531,宝ﾎｰﾙﾃﾞｨﾝｸﾞｽ,TKY
'6752,ﾊﾟﾅｿﾆｯｸ,TKY
'4062,ｲﾋﾞﾃﾞﾝ,TKY
'6134,FUJI,TKY
'7779,CYBERDYNE,TKY
'9511,沖縄電力,TKY
'3034,ｸｵｰﾙﾎｰﾙﾃﾞｨﾝｸﾞｽ,TKY
'1615,銀行業連動型,TKY
'9830,ﾄﾗｽｺ中山,TKY
'4708,りらいあｺﾐｭﾆｹｰｼｮ,TKY
'4540,ﾂﾑﾗ,TKY
'2174,GCA,TKY
'7272,ﾔﾏﾊ発動機,TKY
'8524,北洋銀行,TKY
'8306,三菱UFJﾌｨﾅﾝｼｬﾙG,TKY
'8382,中国銀行,TKY
'9716,乃村工藝社,TKY
'7856,萩原工業,TKY
'6501,日立,TKY
'6502,東芝,TKY
'2809,ｷﾕｰﾋﾟｰ,TKY
'8354,ふくおかﾌｨﾅﾝｼｬﾙG,TKY
'3076,あいﾎｰﾙﾃﾞｨﾝｸﾞｽ,TKY
'5201,AGC,TKY
'5851,ﾘｮｰﾋﾞ,TKY
'7984,ｺｸﾖ,TKY
'5186,ﾆｯﾀ,TKY
'4676,ﾌｼﾞ･ﾒﾃﾞｨｱ･HD,TKY
'3195,ｼﾞｪﾈﾚｰｼｮﾝﾊﾟｽ,TKY
'4569,ｷｮｰﾘﾝ製薬HD,TKY
'3591,ﾜｺｰﾙﾎｰﾙﾃﾞｨﾝｸﾞｽ,TKY
'1911,住友林業,TKY
'5802,住友電工,TKY
'8113,ﾕﾆ･ﾁﾔ-ﾑ,TKY
'7011,三菱重工業,TKY
'8725,MS&AD,TKY
'3662,ｴｲﾁｰﾑ,TKY
'5912,OSJBHD,TKY
'6859,ｴｽﾍﾟｯｸ,TKY
'8593,三菱UFJﾘｰｽ,TKY
'6370,栗田工業,TKY
'5975,東ﾌﾟﾚ,TKY
'5715,古河機金,TKY
'8308,りそなﾎｰﾙﾃﾞｨﾝｸﾞｽ,TKY
'9064,ﾔﾏﾄﾎｰﾙﾃﾞｨﾝｸﾞｽ,TKY
'8697,日本取引所ｸﾞﾙｰﾌﾟ,TKY
'6143,ｿﾃﾞｲﾂｸ,TKY
'8367,南都銀行,TKY
'2432,ﾃﾞｨｰ･ｴﾇ･ｴｰ,TKY
'6145,日特ｴﾝｼﾞﾆｱﾘﾝｸﾞ,TKY
'6676,ﾒﾙｺﾎｰﾙﾃﾞｨﾝｸﾞｽ,TKY
'9143,SGﾎｰﾙﾃﾞｨﾝｸﾞｽ,TKY
'2384,SBSﾎｰﾙﾃﾞｨﾝｸﾞｽ,TKY
'6436,ｱﾏﾉ,TKY
'8267,ｲｵﾝ,TKY
'6287,ｻﾄ-ﾎｰﾙﾃﾞｨﾝｸﾞｽ,TKY
'4401,ADEKA,TKY
'7220,武蔵精密工業,TKY
'4368,扶桑化学工業,TKY
'5301,東海ｶｰﾎﾞﾝ,TKY
'2678,ｱｽｸﾙ,TKY
'7246,ﾌﾟﾚｽ工業,TKY
'9861,吉野家ﾎｰﾙﾃﾞｨﾝｸﾞｽ,TKY
'7575,日本ﾗｲﾌﾗｲﾝ,TKY
'2730,ｴﾃﾞｨｵﾝ,TKY
'9743,丹青社,TKY
'4980,ﾃﾞｸｾﾘｱﾙｽﾞ,TKY
'7751,ｷﾔﾉﾝ,TKY
'3543,ｺﾒﾀﾞﾎｰﾙﾃﾞｨﾝｸﾞｽ,TKY
'6652,IDEC,TKY
'7167,めぶきﾌｨﾅﾝｼｬﾙG,TKY
'3036,ｱﾙｺﾆｯｸｽ,TKY
'4626,太陽ﾎｰﾙﾃﾞｨﾝｸﾞｽ,TKY
'7412,ｱﾄﾑ,TKY
'8399,琉球銀行,TKY
'9517,ｲｰﾚｯｸｽ,TKY
'6966,三井ﾊｲﾃｯｸ,TKY
'1951,協和ｴｸｼｵ,TKY
'3692,FFRI,TKY
'8016,ｵﾝﾜ-ﾄﾞﾎｰﾙﾃﾞｨﾝｸﾞｽ,TKY
'5486,日立金属,TKY
'4528,小野薬品,TKY
'8609,岡三証券ｸﾞﾙｰﾌﾟ,TKY
'4508,田辺三菱製薬,TKY
'3284,ﾌｰｼﾞｬｰｽHD,TKY
'3387,ｸﾘｴｲﾄ･ﾚｽﾄﾗﾝﾂ･ﾎｰﾙ,TKY
'9962,ﾐｽﾐｸﾞﾙｰﾌﾟ本社,TKY
'4996,ｸﾐｱｲ化学,TKY
'4612,日本ﾍﾟｲﾝﾄHOLD,TKY
'6425,ﾕﾆﾊﾞｰｻﾙｴﾝﾀｰﾃｲﾝﾒﾝ,TKY
'6118,ｱｲﾀﾞｴﾝｼﾞﾆｱ,TKY
'7995,ﾊﾞﾙｶｰ,TKY
'7739,ｷﾔﾉﾝ電子,TKY
'6727,ﾜｺﾑ,TKY
'7012,川崎重工業,TKY
'4246,ﾀﾞｲｷｮｰﾆｼｶﾜ,TKY
'7874,ﾚｯｸ,TKY
'9832,ｵｰﾄﾊﾞｯｸｽｾﾌﾞﾝ,TKY
'4544,みらかﾎｰﾙﾃﾞｨﾝｸﾞｽ,TKY
'3191,ｼﾞｮｲﾌﾙ本田,TKY
'3653,ﾓﾙﾌｫ,TKY
'8179,ﾛｲﾔﾙﾎｰﾙﾃﾞｨﾝｸﾞｽ,TKY
'3258,ﾕﾆｿﾞﾎｰﾙﾃﾞｨﾝｸﾞｽ,TKY
'6632,JVCｹﾝｳｯﾄﾞ,TKY
'7003,三井E&SHD,TKY
'7593,VTﾎｰﾙﾃﾞｨﾝｸﾞｽ,TKY
'1883,前田道路,TKY
'7616,ｺﾛﾜｲﾄﾞ,TKY
'3659,ﾈｸｿﾝ,TKY
'8251,ﾊﾟﾙｺ,TKY
'7327,第四北越ﾌｨﾅﾝｼｬﾙG,TKY
'9267,GENKYDRUGSTORES,TKY
'6407,CKD,TKY
'3688,VOYAGEGROUP,TKY
'9989,ｻﾝﾄﾞﾗｯｸﾞ,TKY
'4776,ｻｲﾎﾞｳｽﾞ,TKY
'6995,東海理化電機,TKY
'8714,池田泉州HD,TKY
'8366,滋賀銀行,TKY
'4202,ﾀﾞｲｾﾙ,TKY
'6929,日本ｾﾗﾐｯｸ,TKY
'4559,ｾﾞﾘｱ新薬工業,TKY
'2871,ﾆﾁﾚｲ,TKY
'9672,東京都競馬,TKY
'8281,ｾﾞﾋﾞｵﾎｰﾙﾃﾞｨﾝｸﾞｽ,TKY
'4665,ﾀﾞｽｷﾝ,TKY
'4597,ｿﾚｲｼﾞｱ･ﾌｧｰﾏ,TKY
'7516,ｺｰﾅﾝ商事,TKY
'7864,ﾌｼﾞｼｰﾙｲﾝﾀｰﾅｼｮﾅﾙ,TKY
'9722,藤田観光,TKY
'6890,ﾌｪﾛｰﾃｯｸHLDGS,TKY
'8795,T&Dﾎｰﾙﾃﾞｨﾝｸﾞｽ,TKY
'4392,FIG,TKY
'2270,雪印ﾒｸﾞﾐﾙｸ,TKY
'8361,大垣共立銀行,TKY
'7177,GMOﾌｨﾅﾝｼｬﾙHLDGS,TKY
'6723,ﾙﾈｻｽｴﾚｸﾄﾛﾆｸｽ,TKY
'8200,ﾘﾝｶﾞｰﾊﾂﾄ,TKY
'1979,大氣社,TKY
'6875,ﾒｶﾞﾁｯﾌﾟｽ,TKY
'6071,IBJ,TKY
'2229,ｶﾙﾋﾞｰ,TKY
'4694,ﾋﾞｰ･ｴﾑ･ｴﾙ,TKY
'9715,ﾄﾗﾝｽ･ｺｽﾓｽ,TKY
'6444,ｻﾝﾃﾞﾝﾎｰﾙﾃﾞｨﾝｸﾞｽ,TKY
'6440,JUKI,TKY
'7731,ﾆｺﾝ,TKY
'7545,西松屋ﾁｪｰﾝ,TKY
'7611,ﾊｲﾃﾞｲ日高,TKY
'6395,ﾀﾀﾞﾉ,TKY
'7222,日産車体,TKY
'9787,ｲｵﾝﾃﾞｨﾗｲﾄ,TKY
'6269,三井海洋開発,TKY
'8155,三益半導体,TKY
'4689,ﾔﾌｰ,TKY
'3656,KLab,TKY
'6301,小松製作所,TKY
'7192,日本ﾓｰｹﾞｰｼﾞｻｰﾋﾞｽ,TKY
'4547,ｷｯｾｲ薬品工業,TKY
'4917,ﾏﾝﾀﾞﾑ,TKY
'8890,ﾚｰｻﾑ,TKY
'4527,ﾛｰﾄ製薬,TKY
'6194,ｱﾄﾗｴ,TKY
'8153,ﾓｽﾌｰﾄﾞｻｰﾋﾞｽ,TKY
'6315,TOWA,TKY
'7600,日本ｴﾑ･ﾃﾞｨ･ｴﾑ,TKY
'4732,ﾕｰ･ｴｽ･ｴｽ,TKY
'4343,ｲｵﾝﾌｧﾝﾀｼﾞｰ,TKY
'3938,LINE,TKY
'6996,ﾆﾁｺﾝ,TKY
'9603,ｴｲﾁ･ｱｲ･ｴｽ,TKY
'9418,USEN-NEXTHLDGS,TKY
'6670,MCJ,TKY
'3978,ﾏｸﾛﾐﾙ,TKY
'7732,ﾄﾌﾟｺﾝ,TKY
'4813,ACCESS,TKY
'3087,ﾄﾞﾄｰﾙ･日ﾚｽHD,TKY
'3765,ｶﾞﾝﾎｰ･ｵﾝﾗｲﾝ･ｴﾝﾀｰ,TKY
'3028,ｱﾙﾍﾟﾝ,TKY
'6005,三浦工業,TKY
'8381,山陰合同銀行,TKY
'4092,日本化学工業,TKY
'7245,大同ﾒﾀﾙ工業,TKY
'6914,ｵﾌﾟﾃｯｸｽｸﾞﾙｰﾌﾟ,TKY
'5702,大紀ｱﾙﾐﾆｳﾑ,TKY
'7313,ﾃｲ･ｴｽﾃｯｸ,TKY
'6284,日精ｴｰｴｽﾋﾞｰ,TKY
'6418,日本金銭機械,TKY
'4301,ｱﾐｭｰｽﾞ,TKY
'6406,ﾌｼﾞﾃｯｸ,TKY
'9090,丸和運輸機関,TKY
'1983,東芝ﾌﾟﾗﾝﾄｼｽﾃﾑ,TKY
'5481,山陽特殊製鋼,TKY
'9684,ｽｸｳｪｱ･ｴﾆｯｸｽ･HD,TKY
'9692,ｼｰｲｰｼｰ,TKY
'3635,ｺｰｴｰﾃｸﾓHD,TKY
'1417,ﾐﾗｲﾄ･ﾎｰﾙﾃﾞｨﾝｸﾞｽ,TKY
'5938,LIXILｸﾞﾙｰﾌﾟ,TKY
'7483,ﾄﾞｳｼｼｬ,TKY
'6464,ﾂﾊﾞｷ･ﾅｶｼﾏ,TKY
'2461,ﾌｧﾝｺﾐｭﾆｹｰｼｮﾝｽﾞ,TKY
'4680,ﾗｳﾝﾄﾞﾜﾝ,TKY
'9682,DTS,TKY
'5333,日本碍子,TKY
'9997,ﾍﾞﾙｰﾅ,TKY
'3920,ｱｲﾋﾞｰｼｰ,TKY
'8750,第一生命HLDGS,TKY
'2371,ｶｶｸｺﾑ,TKY
'9613,NTTﾃﾞｰﾀ,TKY
'8508,Jﾄﾗｽﾄ,TKY
'3299,ﾑｹﾞﾝｴｽﾃｰﾄ,TKY
'8129,東邦ﾎｰﾙﾃﾞｨﾝｸﾞｽ,TKY
'2002,日清製粉G本社,TKY
'6305,日立建機,TKY
'6768,ﾀﾑﾗ製作所,TKY
'7251,ｹｰﾋﾝ,TKY
'8282,ｹｰｽﾞﾎｰﾙﾃﾞｨﾝｸﾞｽ,TKY
'6845,ｱｽﾞﾋﾞﾙ,TKY
'7733,ｵﾘﾝﾊﾟｽ,TKY
'7552,ﾊﾋﾟﾈｯﾄ,TKY
'6619,ﾀﾞﾌﾞﾙ･ｽｺｰﾌﾟ,TKY
'5332,TOTO,TKY
'4235,ｳﾙﾄﾗﾌｧﾌﾞﾘｯｸｽHD,TKY
'3773,ｱﾄﾞﾊﾞﾝｽﾄ･ﾒﾃﾞｨｱ,TKY
'6432,竹内製作所,TKY
'3110,日東紡績,TKY
'6140,旭ﾀﾞｲﾔﾓﾝﾄﾞ,TKY
'8511,日本証券金融,TKY
'1929,日特建設,TKY
'4571,ﾅﾉｷｬﾘｱ,TKY
'7718,ｽﾀｰ精密,TKY
'2607,不二製油ｸﾞﾙｰﾌﾟ,TKY
'6839,船井電機,TKY
'4541,日医工,TKY
'4506,大日本住友製薬,TKY
'3167,TOKAIﾎｰﾙﾃﾞｨﾝｸﾞｽ,TKY
'6309,巴工業,TKY
'3569,ｾｰﾚﾝ,TKY
'6976,太陽誘電,TKY
'6753,ｼｬｰﾌﾟ,TKY
'6999,KOA,TKY
'4047,関東電化,TKY
'3657,ﾎﾟｰﾙﾄｩｳｨﾝ･ﾋﾟｯﾄｸﾙ,TKY
'7148,FPG,TKY
'2433,博報堂DYHLDGS,TKY
'7513,ｺｼﾞﾏ,TKY
'6376,日機装,TKY
'2910,ﾛｯｸﾌｨｰﾙﾄﾞ,TKY
'6507,ｼﾝﾌｫﾆｱﾃｸﾉﾛｼﾞｰ,TKY
'8136,ｻﾝﾘｵ,TKY
'8050,ｾｲｺｰHD,TKY
'3738,ﾃｨｰｶﾞｲｱ,TKY
'8341,七十七銀行,TKY
'3085,ｱｰｸﾗﾝﾄﾞｻｰﾋﾞｽHD,TKY
'8184,島忠,TKY
'3397,ﾄﾘﾄﾞｰﾙﾎｰﾙﾃﾞｨﾝｸﾞｽ,TKY
'9474,ｾﾞﾝﾘﾝ,TKY
'4722,ﾌｭｰﾁｬｰ,TKY
'5357,ﾖｰﾀｲ,TKY
'6841,横河電機,TKY
'3902,ﾒﾃﾞｨｶﾙ･ﾃﾞｰﾀ･ﾋﾞｼﾞ,TKY
'8624,いちよし証券,TKY
'7321,関西みらいFG,TKY
'4503,ｱｽﾃﾗｽ製薬,TKY
'7744,ﾉｰﾘﾂ鋼機,TKY
'2492,ｲﾝﾌｫﾏｰﾄ,TKY
'7282,豊田合成,TKY
'6866,日置電機,TKY
'6701,日本電気,TKY
'3758,ｱｴﾘｱ,TKY
'4739,伊藤忠ﾃｸﾉｿﾘｭｰ,TKY
'6951,日本電子,TKY
'3244,ｻﾑﾃｨ,TKY
'3433,ﾄｰｶﾛ,TKY
'7740,ﾀﾑﾛﾝ,TKY
'6857,ｱﾄﾞﾊﾞﾝﾃｽﾄ,TKY
'5202,日本板硝子,TKY
'3385,薬王堂,TKY
'3134,Hamee,TKY
'8613,丸三証券,TKY
'8616,東海東京HD,TKY
'1435,TATERU,TKY
'9433,KDDI,TKY
'8628,松井証券,TKY
'4189,KHﾈｵｹﾑ,TKY
'4686,ｼﾞｬｽﾄｼｽﾃﾑ,TKY
'9824,泉州電業,TKY
'7952,河合楽器,TKY
'6588,東芝ﾃｯｸ,TKY
'4743,ｱｲﾃｨﾌｫｰ,TKY
'6454,ﾏｯｸｽ,TKY
'3593,ﾎｷﾞﾒﾃﾞｨｶﾙ,TKY
'9437,NTTﾄﾞｺﾓ,TKY
'3676,ﾃﾞｼﾞﾀﾙﾊｰﾂHLDGS,TKY
'7278,ｴｸｾﾃﾞｨ,TKY
'7613,ｼｰｸｽ,TKY
'2915,ｹﾝｺｰﾏﾖﾈｰｽﾞ,TKY
'4564,ｵﾝｺｾﾗﾋﾟｰ･ｻｲｴﾝｽ,TKY
'4902,ｺﾆｶﾐﾉﾙﾀ,TKY
'4403,日油,TKY
'8114,ﾃﾞｻﾝﾄ,TKY
'4974,ﾀｶﾗﾊﾞｲｵ,TKY
'4331,ﾃｲｸｱﾝﾄﾞｷﾞｳﾞﾆｰｽﾞ,TKY
'3719,ｼﾞｪｸｼｰﾄﾞ,TKY
'2453,ｼﾞｬﾊﾟﾝﾍﾞｽﾄﾚｽｷｭｰS,TKY
'6504,富士電機,TKY
'9759,NSD,TKY
'2782,ｾﾘｱ,TKY
'4768,大塚商会,TKY
'6927,ﾍﾘｵｽﾃｸﾉH,TKY
'7780,ﾒﾆｺﾝ,TKY
'6882,三社電機製作所,TKY
'1419,ﾀﾏﾎｰﾑ,TKY
'7618,ﾋﾟｰｼｰﾃﾞﾎﾟｺｰﾎﾟ,TKY
'7915,NISSHA,TKY
'7725,ｲﾝﾀｰｱｸｼｮﾝ,TKY
'2602,日清ｵｲﾘｵｸﾞﾙｰﾌﾟ,TKY
'3641,ﾊﾟﾋﾟﾚｽ,TKY
'6810,ﾏｸｾﾙﾎｰﾙﾃﾞｨﾝｸﾞｽ,TKY
'4345,ｼｰﾃｨｰｴｽ,TKY
'6630,ﾔｰﾏﾝ,TKY
'6088,ｼｸﾞﾏｸｼｽ,TKY
'2385,総医研ﾎｰﾙﾃﾞｨﾝｸﾞｽ,TKY
'3679,じげん,TKY
'4978,ﾘﾌﾟﾛｾﾙ,TKY
'3771,ｼｽﾃﾑﾘｻｰﾁ,TKY
'4397,ﾁｰﾑｽﾋﾟﾘｯﾄ,TKY
'3900,ｸﾗｳﾄﾞﾜｰｸｽ,TKY
'4109,ｽﾃﾗｹﾐﾌｧ,TKY
'4667,ｱｲｻﾝﾃｸﾉﾛｼﾞｰ,TKY
'6800,ﾖｺｵ,TKY
'3053,ﾍﾟｯﾊﾟｰﾌｰﾄﾞｻｰﾋﾞｽ,TKY
'6539,MS-Japan,TKY
'5727,東邦ﾁﾀﾆｳﾑ,TKY
'2362,夢真ﾎｰﾙﾃﾞｨﾝｸﾞｽ,TKY
'6055,ｼﾞｬﾊﾟﾝﾏﾃﾘｱﾙ,TKY
'3356,ﾃﾘﾛｼﾞｰ,TKY
'6958,日本ｼｲｴﾑｹｲ,TKY
'2146,UTｸﾞﾙｰﾌﾟ,TKY
'7238,曙ﾌﾞﾚｰｷ,TKY
'8473,SBIﾎｰﾙﾃﾞｨﾝｸﾞｽ,TKY
'3901,ﾏｰｸﾗｲﾝｽﾞ,TKY
'3665,ｴﾆｸﾞﾓ,TKY
'6920,ﾚｰｻﾞｰﾃｯｸ,TKY
'6804,ﾎｼﾃﾞﾝ,TKY
'2497,ﾕﾅｲﾃｯﾄﾞ,TKY
'7244,市光工業,TKY
'2327,新日鉄住金SOL,TKY
'5809,ﾀﾂﾀ電線,TKY
'6196,ｽﾄﾗｲｸ,TKY
'6864,ｴﾇｴﾌ回路設計,TKY
'3912,ﾓﾊﾞｲﾙﾌｧｸﾄﾘｰ,TKY
'3966,ﾕｰｻﾞﾍﾞｰｽ,TKY
'5726,大阪ﾁﾀﾆｳﾑ,TKY
'3445,RSTECHNOLOGIES,TKY
'4582,ｼﾝﾊﾞｲｵ製薬,TKY
'3092,ZOZO,TKY
'2158,FRONTEO,TKY
'7419,ﾉｼﾞﾏ,TKY
'7988,ﾆﾌｺ,TKY
'2664,ｶﾜﾁ薬品,TKY
'4216,旭有機材,TKY
'3664,ﾓﾌﾞｷｬｽﾄHLDGS,TKY
'4666,ﾊﾟｰｸ24,TKY
'4712,KEYHOLDER,TKY
'8160,木曽路,TKY
'4586,ﾒﾄﾞﾚｯｸｽ,TKY
'5384,ﾌｼﾞﾐｲﾝｺｰﾎﾟﾚｰﾃｯﾄﾞ,TKY
'3221,ﾖｼｯｸｽ,TKY
'7296,ｴﾌ･ｼｰ･ｼｰ,TKY
'9678,ｶﾅﾓﾄ,TKY
'6616,ﾄﾚｯｸｽ･ｾﾐｺﾝﾀﾞｸﾀｰ,TKY
'7599,IDOM,TKY
'5310,東洋炭素,TKY
'9424,日本通信,TKY
'3193,鳥貴族,TKY
'3922,PRTIMES,TKY
'3905,ﾃﾞｰﾀｾｸｼｮﾝ,TKY
'5541,大平洋金属,TKY
'8892,日本ｴｽｺﾝ,TKY
'6573,ｱｼﾞｬｲﾙﾒﾃﾞｨｱ･ﾈｯﾄ,TKY
'8919,ｶﾁﾀｽ,TKY
'6965,浜松ﾎﾄﾆｸｽ,TKY
'3756,豆蔵ﾎｰﾙﾃﾞｨﾝｸﾞｽ,TKY
'3536,ｱｸｻｽﾎｰﾙﾃﾞｨﾝｸﾞｽ,TKY
'3914,JIG-SAW,TKY
'8056,日本ﾕﾆｼｽ,TKY
'8005,ｽｸﾛｰﾙ,TKY
'2175,ｴｽ･ｴﾑ･ｴｽ,TKY
'2307,ｸﾛｽｷｬｯﾄ,TKY
'6849,日本光電工業,TKY
'2124,ｼﾞｪｲｴｲｼｰﾘｸﾙｰﾄﾒﾝﾄ,TKY
'3132,ﾏｸﾆｶ･富士ｴﾚHLDGS,TKY
'9928,ﾐﾛｸ情報ｻｰﾋﾞｽ,TKY
'3179,ｼｭｯﾋﾟﾝ,TKY
'3091,ﾌﾞﾛﾝｺﾋﾞﾘｰ,TKY
'4662,ﾌｫｰｶｽｼｽﾃﾑｽﾞ,TKY
'2282,日本ﾊﾑ,TKY
'7030,ｽﾌﾟﾘｯｸｽ,TKY
'6941,山一電機,TKY
'3267,ﾌｨﾙ･ｶﾝﾊﾟﾆｰ,TKY
'4565,そｰせいｸﾞﾙｰﾌﾟ,TKY
'6923,ｽﾀﾝﾚｰ電気,TKY
'2120,LIFULL,TKY
'7919,野崎印刷,TKY
'3627,ﾈｵｽ,TKY
'8929,青山財産ﾈｯﾄﾜｰｸｽ,TKY
'9697,ｶﾌﾟｺﾝ,TKY
'6532,ﾍﾞｲｶﾚﾝﾄｺﾝｻﾙﾃｨﾝｸﾞ,TKY
'8876,ﾘﾛｸﾞﾙｰﾌﾟ,TKY
'9467,ｱﾙﾌｧﾎﾟﾘｽ,TKY
'6240,ﾔﾏｼﾝﾌｨﾙﾀ,TKY
'4848,ﾌﾙｷｬｽﾄﾎｰﾙﾃﾞｨﾝｸﾞｽ,TKY
'4819,ﾃﾞｼﾞﾀﾙｶﾞﾚｰｼﾞ,TKY
'7157,ﾗｲﾌﾈｯﾄ生命保険,TKY
'3843,ﾌﾘｰﾋﾞｯﾄ,TKY
'3328,BEENOS,TKY
'7196,Casa,TKY
'9449,GMOｲﾝﾀｰﾈｯﾄ,TKY
'7701,島津製作所,TKY
'3788,GMOｸﾗｳﾄﾞ,TKY
'1885,東亜建設,TKY
'6997,日本ｹﾐｺﾝ,TKY
'2154,ﾄﾗｽﾄ･ﾃｯｸ,TKY
'5393,ﾆﾁｱｽ,TKY
'6754,ｱﾝﾘﾂ,TKY
'3916,ﾃﾞｼﾞﾀﾙ･ｲﾝﾌｫﾒｰｼｮﾝ,TKY
'4323,日本ｼｽﾃﾑ技術,TKY
'4344,ｿｰｽﾈｸｽﾄ,TKY
'6027,弁護士ﾄﾞｯﾄｺﾑ,TKY
'3497,ﾘｰｶﾞﾙ不動産,TKY
'5704,JMC,TKY
'3680,ﾎｯﾄﾘﾝｸ,TKY
'3673,ﾌﾞﾛｰﾄﾞﾘｰﾌ,TKY
'6187,LITALICO,TKY
'3807,ﾌｨｽｺ,TKY
'4779,ｿﾌﾄﾌﾞﾚｰﾝ,TKY
'2378,ﾙﾈｻﾝｽ,TKY
'6544,ｼﾞｬﾊﾟﾝｴﾚﾍﾞｰﾀｰSHD,TKY
'4563,ｱﾝｼﾞｪｽ,TKY
'2181,ﾊﾟｰｿﾙﾎｰﾙﾃﾞｨﾝｸﾞｽ,TKY
'3663,ｱｰﾄｽﾊﾟｰｸHD,TKY
'7906,ﾖﾈｯｸｽ,TKY
'2379,ﾃﾞｨｯﾌﾟ,TKY
'2301,学情,TKY
'6668,ｱﾄﾞﾃｯｸﾌﾟﾗｽﾞﾏﾃｸﾉ,TKY
'6555,MS&CONSULTING,TKY
'2170,ﾘﾝｸｱﾝﾄﾞﾓﾁﾍﾞｰｼｮﾝ,TKY
'2389,ｵﾌﾟﾄﾎｰﾙﾃﾞｨﾝｸﾞ,TKY
'6677,ｴｽｹｰｴﾚｸﾄﾛﾆｸｽ,TKY
'6197,ｿﾗｽﾄ,TKY
'6089,ｳｨﾙｸﾞﾙｰﾌﾟ,TKY
'7820,ﾆﾎﾝﾌﾗｯｼｭ,TKY
'6191,ｴﾎﾞﾗﾌﾞﾙｱｼﾞｱ,TKY
'3698,CRI･ﾐﾄﾞﾙｳｪｱ,TKY
'3660,ｱｲｽﾀｲﾙ,TKY
'6095,ﾒﾄﾞﾋﾟｱ,TKY
'9450,ﾌｧｲﾊﾞｰｹﾞｰﾄ,TKY
'1813,不動ﾃﾄﾗ,TKY
'6098,ﾘｸﾙｰﾄﾎｰﾙﾃﾞｨﾝｸﾞｽ,TKY
'2412,ﾍﾞﾈﾌｨｯﾄ･ﾜﾝ,TKY
'6185,ｿﾈｯﾄ･ﾒﾃﾞｨｱ･ﾈｯﾄﾜｰ,TKY
'6541,ｸﾞﾚｲｽﾃｸﾉﾛｼﾞｰ,TKY
'3753,ﾌﾗｲﾄﾎｰﾙﾃﾞｨﾝｸﾞｽ,TKY
'7518,ﾈｯﾄﾜﾝｼｽﾃﾑｽﾞ,TKY
'6255,ｴﾇ･ﾋﾟｰ･ｼｰ,TKY
'2516,東証ﾏｻﾞｰｽﾞETF,TKY
'4812,電通国際情報S,TKY
'4385,ﾒﾙｶﾘ,TKY
'6787,ﾒｲｺｰ,TKY
'4588,ｵﾝｺﾘｽﾊﾞｲｵﾌｧｰﾏ,TKY
'9702,ｱｲ･ｴｽ･ﾋﾞｰ,TKY
'6045,ﾚﾝﾄﾗｯｸｽ,TKY
'3697,SHIFT,TKY
'3479,ﾃｨｰｹｰﾋﾟｰ,TKY
'3182,ｵｲｼｯｸｽ･ﾗ･大地,TKY
'3825,ﾘﾐｯｸｽﾎﾟｲﾝﾄ,TKY
'6266,ﾀﾂﾓ,TKY
'3686,ﾃﾞｨｰ･ｴﾙ･ｲｰ,TKY
'4587,ﾍﾟﾌﾟﾁﾄﾞﾘｰﾑ,TKY
'3230,ｽﾀｰ･ﾏｲｶ,TKY
'6814,古野電気,TKY
'8462,ﾌｭｰﾁｬｰﾍﾞﾝﾁｬｰｷｬﾋﾟ,TKY
'6062,ﾁｬｰﾑｹｱｺｰﾎﾟﾚｰｼｮﾝ,TKY
'4726,ｿﾌﾄﾊﾞﾝｸ･ﾃｸﾉ,TKY
'3923,ﾗｸｽ,TKY
'4572,ｶﾙﾅﾊﾞｲｵｻｲｴﾝｽ,TKY
'6222,島精機製作所,TKY
'6184,鎌倉新書,TKY
'6556,ｳｪﾙﾋﾞｰ,TKY
'9416,ﾋﾞｼﾞｮﾝ,TKY
'8946,ASIANSTAR,TKY
'6050,ｲｰ･ｶﾞｰﾃﾞｨｱﾝ,TKY
'6094,ﾌﾘｰｸｱｳﾄHLDGS,TKY
'2168,ﾊﾟｿﾅｸﾞﾙｰﾌﾟ,TKY
'6508,明電舎,TKY
'2884,ﾖｼﾑﾗ･ﾌｰﾄﾞ･HLDGS,TKY
'6058,ﾍﾞｸﾄﾙ,TKY
'6047,Gunosy,TKY
'2127,日本M&Aｾﾝﾀｰ,TKY
'3696,ｾﾚｽ,TKY
'6099,ｴﾗﾝ,TKY
'6069,ﾄﾚﾝﾀﾞｰｽﾞ,TKY
'4764,SAMURAI&JPARTNE,TKY
'7805,ﾌﾟﾘﾝﾄﾈｯﾄ,TKY
'8771,ｲｰ･ｷﾞｬﾗﾝﾃｨ,TKY
'2413,ｴﾑｽﾘｰ,TKY
'3415,TOKYOBASE,TKY
'6569,日総工産,TKY
'6035,ｱｲ･ｱｰﾙｼﾞｬﾊﾟﾝHD,TKY
'2372,ｱｲﾛﾑｸﾞﾙｰﾌﾟ,TKY
'7172,ｼﾞｬﾊﾟﾝｲﾝﾍﾞｽﾄﾒﾝﾄA,TKY
'4674,ｸﾚｽｺ,TKY
'2427,ｱｳﾄｿｰｼﾝｸﾞ,TKY
'6629,ﾃｸﾉﾎﾗｲｿﾞﾝ･ﾎｰﾙﾃﾞｨ,TKY
'3935,ｴﾃﾞｨｱ,TKY
'3323,ﾚｶﾑ,TKY
'2130,ﾒﾝﾊﾞｰｽﾞ,TKY
'3457,ﾊｳｽﾄﾞｩ,TKY
'2930,北の達人ｺｰﾎﾟ,TKY
'4217,日立化成,TKY
'6571,ｷｭｰﾋﾞｰﾈｯﾄHLDGS,TKY
'2489,ｱﾄﾞｳｪｲｽﾞ,TKY
'2484,夢の街創造委員会,TKY
'5480,日本冶金工,TKY
'6210,東洋機械金属,TKY
'4592,ｻﾝﾊﾞｲｵ,TKY
'4206,ｱｲｶ工業,TKY
'9889,JBCCﾎｰﾙﾃﾞｨﾝｸﾞｽ,TKY
'4346,ﾈｸｼｨｰｽﾞｸﾞﾙｰﾌﾟ,TKY
'8917,ﾌｧｰｽﾄ住建,TKY
'6090,ﾋｭｰﾏﾝ･ﾒﾀﾎﾞﾛｰﾑ･ﾃｸ,TKY
'3694,ｵﾌﾟﾃｨﾑ,TKY
'3661,ｴﾑｱｯﾌﾟ,TKY
'3784,ｳﾞｨﾝｸｽ,TKY
'8174,日本瓦斯,TKY
'5981,東京製綱,TKY
'4290,ﾌﾟﾚｽﾃｰｼﾞ･ｲﾝﾀｰ,TKY
'2929,ﾌｧｰﾏﾌｰｽﾞ,TKY
'7039,ﾌﾞﾘｯｼﾞｲﾝﾀｰﾅｼｮﾅﾙ,TKY
'6235,ｵﾌﾟﾄﾗﾝ,TKY
'3762,ﾃｸﾏﾄﾘｯｸｽ,TKY
'3687,ﾌｨｯｸｽﾀｰｽﾞ,TKY
'6817,ｽﾐﾀﾞｺｰﾎﾟﾚｰｼｮﾝ,TKY
'5218,ｵﾊﾗ,TKY
'3826,ｼｽﾃﾑｲﾝﾃｸﾞﾚｰﾀ,TKY
'3853,ｱｽﾃﾘｱ,TKY
'3837,ｱﾄﾞｿﾙ日進,TKY
'2438,ｱｽｶﾈｯﾄ,TKY
'3990,UUUM,TKY
'6538,ｷｬﾘｱｲﾝﾃﾞｯｸｽ,TKY
'3937,UBICOMﾎｰﾙﾃﾞｨﾝｸﾞｽ,TKY
'7326,SBIｲﾝｼｭｱﾗﾝｽG,TKY
'3793,ﾄﾞﾘｺﾑ,TKY
'3844,ｺﾑﾁｭｱ,TKY
'3965,ｷｬﾋﾟﾀﾙ･ｱｾｯﾄ･ﾌﾟﾗﾝ,TKY
'3994,ﾏﾈｰﾌｫﾜｰﾄﾞ,TKY
'3857,ﾗｯｸ,TKY
'3558,ﾛｺﾝﾄﾞ,TKY
'6349,小森ｺｰﾎﾟﾚｰｼｮﾝ,TKY
'2440,ぐるなび,TKY
'2477,手間いらず,TKY
'3677,ｼｽﾃﾑ情報,TKY
'3963,ｼﾝｸﾛ･ﾌｰﾄﾞ,TKY
'6731,ﾋﾟｸｾﾗ,TKY
'4335,ｱｲ･ﾋﾟｰ･ｴｽ,TKY
'6175,ﾈｯﾄﾏｰｹﾃｨﾝｸﾞ,TKY
'9325,ﾌｧｲｽﾞ,TKY
'7752,ﾘｺｰ,TKY
'4293,ｾﾌﾟﾃｰﾆHLDGS,TKY
'2706,ﾌﾞﾛｯｺﾘｰ,TKY
'3903,gumi,TKY
'3678,ﾒﾃﾞｨｱﾄﾞｩHLDGS,TKY
'3064,MonotaRO,TKY
'7041,CRGﾎｰﾙﾃﾞｨﾝｸﾞｽ,TKY
'4388,ｴｰｱｲ,TKY
'7942,ｼﾞｪｲｴｽﾋﾟｰ,TKY
'3987,ｴｺﾓｯﾄ,TKY
'6200,ｲﾝｿｰｽ,TKY
'6182,ﾛｾﾞｯﾀ,TKY
'4287,ｼﾞｬｽﾄﾌﾟﾗﾝﾆﾝｸﾞ,TKY
'6807,日本航空電子,TKY
'3989,ｼｪｱﾘﾝｸﾞﾃｸﾉﾛｼﾞｰ,TKY
'8698,ﾏﾈｯｸｽG,TKY
'3475,ｸﾞｯﾄﾞｺﾑｱｾｯﾄ,TKY
'2471,ｴｽﾌﾟｰﾙ,TKY
'1873,日本ﾊｳｽHLDGS,TKY
'7035,ANDFACTORY,TKY
'2164,地域新聞社,TKY
'2317,ｼｽﾃﾅ,TKY
'3960,ﾊﾞﾘｭｰﾃﾞｻﾞｲﾝ,TKY
'4919,ﾐﾙﾎﾞﾝ,TKY
'3778,さくらｲﾝﾀｰﾈｯﾄ,TKY
'4384,ﾗｸｽﾙ,TKY
'3850,NTTﾃﾞｰﾀｲﾝﾄﾗﾏｰﾄ,TKY
'5334,日本特殊陶業,TKY
'3658,ｲｰﾌﾞｯｸｲﾆｼｱﾃｨﾌﾞ,TKY
'6166,中村超硬,TKY
'2491,ﾊﾞﾘｭｰｺﾏｰｽ,TKY
'8914,ｴﾘｱﾘﾝｸ,TKY
'8165,千趣会,TKY
'3038,神戸物産,TKY
