'3778,さくらｲﾝﾀｰﾈｯﾄ,TKY
'2317,ｼｽﾃﾅ,TKY
'1873,日本ﾊｳｽHLDGS,TKY
'6807,日本航空電子,TKY
'4287,ｼﾞｬｽﾄﾌﾟﾗﾝﾆﾝｸﾞ,TKY
'6200,ｲﾝｿｰｽ,TKY
'3987,ｴｺﾓｯﾄ,TKY
'4388,ｴｰｱｲ,TKY
'3903,gumi,TKY
'9273,ｺｰｱ商事HLDGS,TKY
'4293,ｾﾌﾟﾃｰﾆHLDGS,TKY
'7752,ﾘｺｰ,TKY
'6175,ﾈｯﾄﾏｰｹﾃｨﾝｸﾞ,TKY
'4335,ｱｲ･ﾋﾟｰ･ｴｽ,TKY
'6731,ﾋﾟｸｾﾗ,TKY
'3963,ｼﾝｸﾛ･ﾌｰﾄﾞ,TKY
'2477,手間いらず,TKY
'2440,ぐるなび,TKY
'3857,ﾗｯｸ,TKY
'3793,ﾄﾞﾘｺﾑ,TKY
'6817,ｽﾐﾀﾞｺｰﾎﾟﾚｰｼｮﾝ,TKY
'3687,ﾌｨｯｸｽﾀｰｽﾞ,TKY
'2929,ﾌｧｰﾏﾌｰｽﾞ,TKY
'5981,東京製綱,TKY
'4346,ﾈｸｼｨｰｽﾞｸﾞﾙｰﾌﾟ,TKY
'6210,東洋機械金属,TKY
'5480,日本冶金工,TKY
'2489,ｱﾄﾞｳｪｲｽﾞ,TKY
'4217,日立化成,TKY
'2930,北の達人ｺｰﾎﾟ,TKY
'3457,ﾊｳｽﾄﾞｩ,TKY
'2130,ﾒﾝﾊﾞｰｽﾞ,TKY
'3323,ﾚｶﾑ,TKY
'3935,ｴﾃﾞｨｱ,TKY
'4764,SAMURAI&JPARTNE,TKY
'6069,ﾄﾚﾝﾀﾞｰｽﾞ,TKY
'6058,ﾍﾞｸﾄﾙ,TKY
'2884,ﾖｼﾑﾗ･ﾌｰﾄﾞ･HLDGS,TKY
'6094,ﾌﾘｰｸｱｳﾄHLDGS,TKY
'6556,ｳｪﾙﾋﾞｰ,TKY
'6184,鎌倉新書,TKY
'4572,ｶﾙﾅﾊﾞｲｵｻｲｴﾝｽ,TKY
'3923,ﾗｸｽ,TKY
'6814,古野電気,TKY
'3686,ﾃﾞｨｰ･ｴﾙ･ｲｰ,TKY
'6266,ﾀﾂﾓ,TKY
'3825,ﾘﾐｯｸｽﾎﾟｲﾝﾄ,TKY
'9702,ｱｲ･ｴｽ･ﾋﾞｰ,TKY
'4588,ｵﾝｺﾘｽﾊﾞｲｵﾌｧｰﾏ,TKY
'2516,東証ﾏｻﾞｰｽﾞETF,TKY
'6255,ｴﾇ･ﾋﾟｰ･ｼｰ,TKY
'3753,ﾌﾗｲﾄﾎｰﾙﾃﾞｨﾝｸﾞｽ,TKY
'6185,ｿﾈｯﾄ･ﾒﾃﾞｨｱ･ﾈｯﾄﾜｰ,TKY
'1813,不動ﾃﾄﾗ,TKY
'3660,ｱｲｽﾀｲﾙ,TKY
'3698,CRI･ﾐﾄﾞﾙｳｪｱ,TKY
'6191,ｴﾎﾞﾗﾌﾞﾙｱｼﾞｱ,TKY
'6089,ｳｨﾙｸﾞﾙｰﾌﾟ,TKY
'7820,ﾆﾎﾝﾌﾗｯｼｭ,TKY
'2301,学情,TKY
'4563,ｱﾝｼﾞｪｽ,TKY
'6544,ｼﾞｬﾊﾟﾝｴﾚﾍﾞｰﾀｰSHD,TKY
'4779,ｿﾌﾄﾌﾞﾚｰﾝ,TKY
'3807,ﾌｨｽｺ,TKY
'3673,ﾌﾞﾛｰﾄﾞﾘｰﾌ,TKY
'4751,ｻｲﾊﾞｰｴｰｼﾞｪﾝﾄ,TKY
'3680,ﾎｯﾄﾘﾝｸ,TKY
'3497,ﾘｰｶﾞﾙ不動産,TKY
'4344,ｿｰｽﾈｸｽﾄ,TKY
'4323,日本ｼｽﾃﾑ技術,TKY
'6997,日本ｹﾐｺﾝ,TKY
'3788,GMOｸﾗｳﾄﾞ,TKY
'7956,ﾋﾟｼﾞﾖﾝ,TKY
'9449,GMOｲﾝﾀｰﾈｯﾄ,TKY
'4819,ﾃﾞｼﾞﾀﾙｶﾞﾚｰｼﾞ,TKY
'4848,ﾌﾙｷｬｽﾄﾎｰﾙﾃﾞｨﾝｸﾞｽ,TKY
'6240,ﾔﾏｼﾝﾌｨﾙﾀ,TKY
'9467,ｱﾙﾌｧﾎﾟﾘｽ,TKY
'9697,ｶﾌﾟｺﾝ,TKY
'7919,野崎印刷,TKY
'4565,そｰせいｸﾞﾙｰﾌﾟ,TKY
'6941,山一電機,TKY
'4662,ﾌｫｰｶｽｼｽﾃﾑｽﾞ,TKY
'3179,ｼｭｯﾋﾟﾝ,TKY
'8005,ｽｸﾛｰﾙ,TKY
'3756,豆蔵ﾎｰﾙﾃﾞｨﾝｸﾞｽ,TKY
'6573,ｱｼﾞｬｲﾙﾒﾃﾞｨｱ･ﾈｯﾄ,TKY
'3905,ﾃﾞｰﾀｾｸｼｮﾝ,TKY
'3922,PRTIMES,TKY
'9424,日本通信,TKY
'7599,IDOM,TKY
'7296,ｴﾌ･ｼｰ･ｼｰ,TKY
'4586,ﾒﾄﾞﾚｯｸｽ,TKY
'4712,KEYHOLDER,TKY
'4666,ﾊﾟｰｸ24,TKY
'3664,ﾓﾌﾞｷｬｽﾄHLDGS,TKY
'2664,ｶﾜﾁ薬品,TKY
'7419,ﾉｼﾞﾏ,TKY
'2158,FRONTEO,TKY
'4582,ｼﾝﾊﾞｲｵ製薬,TKY
'5726,大阪ﾁﾀﾆｳﾑ,TKY
'3966,ﾕｰｻﾞﾍﾞｰｽ,TKY
'3912,ﾓﾊﾞｲﾙﾌｧｸﾄﾘｰ,TKY
'2292,SFoods,TKY
'5809,ﾀﾂﾀ電線,TKY
'7244,市光工業,TKY
'6804,ﾎｼﾃﾞﾝ,TKY
'6920,ﾚｰｻﾞｰﾃｯｸ,TKY
'7238,曙ﾌﾞﾚｰｷ,TKY
'6055,ｼﾞｬﾊﾟﾝﾏﾃﾘｱﾙ,TKY
'3053,ﾍﾟｯﾊﾟｰﾌｰﾄﾞｻｰﾋﾞｽ,TKY
'6800,ﾖｺｵ,TKY
'4397,ﾁｰﾑｽﾋﾟﾘｯﾄ,TKY
'4394,ｴｸｽﾓｰｼｮﾝ,TKY
'4978,ﾘﾌﾟﾛｾﾙ,TKY
'6088,ｼｸﾞﾏｸｼｽ,TKY
'6630,ﾔｰﾏﾝ,TKY
'2602,日清ｵｲﾘｵｸﾞﾙｰﾌﾟ,TKY
'7725,ｲﾝﾀｰｱｸｼｮﾝ,TKY
'7618,ﾋﾟｰｼｰﾃﾞﾎﾟｺｰﾎﾟ,TKY
'6882,三社電機製作所,TKY
'7780,ﾒﾆｺﾝ,TKY
'3962,ﾁｪﾝｼﾞ,TKY
'3719,ｼﾞｪｸｼｰﾄﾞ,TKY
'4331,ﾃｲｸｱﾝﾄﾞｷﾞｳﾞﾆｰｽﾞ,TKY
'4974,ﾀｶﾗﾊﾞｲｵ,TKY
'4902,ｺﾆｶﾐﾉﾙﾀ,TKY
'3741,ｾｯｸ,TKY
'1435,TATERU,TKY
'5202,日本板硝子,TKY
'7740,ﾀﾑﾛﾝ,TKY
'3433,ﾄｰｶﾛ,TKY
'3758,ｱｴﾘｱ,TKY
'7282,豊田合成,TKY
'2492,ｲﾝﾌｫﾏｰﾄ,TKY
'6586,ﾏｷﾀ,TKY
'7321,関西みらいFG,TKY
'3902,ﾒﾃﾞｨｶﾙ･ﾃﾞｰﾀ･ﾋﾞｼﾞ,TKY
'5357,ﾖｰﾀｲ,TKY
'3652,ﾃﾞｨｼﾞﾀﾙﾒﾃﾞｨｱﾌﾟﾛ,TKY
'6507,ｼﾝﾌｫﾆｱﾃｸﾉﾛｼﾞｰ,TKY
'6376,日機装,TKY
'7513,ｺｼﾞﾏ,TKY
'4047,関東電化,TKY
'6976,太陽誘電,TKY
'6309,巴工業,TKY
'4571,ﾅﾉｷｬﾘｱ,TKY
'3360,ｼｯﾌﾟﾍﾙｽｹｱHD,TKY
'4235,ｳﾙﾄﾗﾌｧﾌﾞﾘｯｸｽHD,TKY
'6619,ﾀﾞﾌﾞﾙ･ｽｺｰﾌﾟ,TKY
'7733,ｵﾘﾝﾊﾟｽ,TKY
'6768,ﾀﾑﾗ製作所,TKY
'3920,ｱｲﾋﾞｰｼｰ,TKY
'4680,ﾗｳﾝﾄﾞﾜﾝ,TKY
'9682,DTS,TKY
'3635,ｺｰｴｰﾃｸﾓHD,TKY
'9692,ｼｰｲｰｼｰ,TKY
'5481,山陽特殊製鋼,TKY
'6418,日本金銭機械,TKY
'4813,ACCESS,TKY
'7732,ﾄﾌﾟｺﾝ,TKY
'3978,ﾏｸﾛﾐﾙ,TKY
'6670,MCJ,TKY
'1552,国際のETFVIX,TKY
'3938,LINE,TKY
'7600,日本ｴﾑ･ﾃﾞｨ･ｴﾑ,TKY
'6315,TOWA,TKY
'4527,ﾛｰﾄ製薬,TKY
'6301,小松製作所,TKY
'3656,KLab,TKY
'4689,ﾔﾌｰ,TKY
'6395,ﾀﾀﾞﾉ,TKY
'7731,ﾆｺﾝ,TKY
'6440,JUKI,TKY
'4694,ﾋﾞｰ･ｴﾑ･ｴﾙ,TKY
'6071,IBJ,TKY
'8200,ﾘﾝｶﾞｰﾊﾂﾄ,TKY
'9432,日本電信電話,TKY
'6806,ﾋﾛｾ電機,TKY
'7177,GMOﾌｨﾅﾝｼｬﾙHLDGS,TKY
'2270,雪印ﾒｸﾞﾐﾙｸ,TKY
'4392,FIG,TKY
'7516,ｺｰﾅﾝ商事,TKY
'4597,ｿﾚｲｼﾞｱ･ﾌｧｰﾏ,TKY
'4776,ｻｲﾎﾞｳｽﾞ,TKY
'3688,VOYAGEGROUP,TKY
'6407,CKD,TKY
'9267,GENKYDRUGSTORES,TKY
'7616,ｺﾛﾜｲﾄﾞ,TKY
'7593,VTﾎｰﾙﾃﾞｨﾝｸﾞｽ,TKY
'7003,三井E&SHD,TKY
'6632,JVCｹﾝｳｯﾄﾞ,TKY
'4544,みらかﾎｰﾙﾃﾞｨﾝｸﾞｽ,TKY
'4246,ﾀﾞｲｷｮｰﾆｼｶﾜ,TKY
'7995,ﾊﾞﾙｶｰ,TKY
'6118,ｱｲﾀﾞｴﾝｼﾞﾆｱ,TKY
'4996,ｸﾐｱｲ化学,TKY
'3387,ｸﾘｴｲﾄ･ﾚｽﾄﾗﾝﾂ･ﾎｰﾙ,TKY
'4508,田辺三菱製薬,TKY
'3692,FFRI,TKY
'6966,三井ﾊｲﾃｯｸ,TKY
'3141,ｳｴﾙｼｱHD,TKY
'7167,めぶきﾌｨﾅﾝｼｬﾙG,TKY
'6652,IDEC,TKY
'4980,ﾃﾞｸｾﾘｱﾙｽﾞ,TKY
'9743,丹青社,TKY
'7575,日本ﾗｲﾌﾗｲﾝ,TKY
'1568,TOPIXﾌﾞﾙ2倍投信,TKY
'4368,扶桑化学工業,TKY
'7220,武蔵精密工業,TKY
'2384,SBSﾎｰﾙﾃﾞｨﾝｸﾞｽ,TKY
'6143,ｿﾃﾞｲﾂｸ,TKY
'5715,古河機金,TKY
'8593,三菱UFJﾘｰｽ,TKY
'6859,ｴｽﾍﾟｯｸ,TKY
'5912,OSJBHD,TKY
'3662,ｴｲﾁｰﾑ,TKY
'4569,ｷｮｰﾘﾝ製薬HD,TKY
'5186,ﾆｯﾀ,TKY
'7984,ｺｸﾖ,TKY
'3076,あいﾎｰﾙﾃﾞｨﾝｸﾞｽ,TKY
'2809,ｷﾕｰﾋﾟｰ,TKY
'8306,三菱UFJﾌｨﾅﾝｼｬﾙG,TKY
'3034,ｸｵｰﾙﾎｰﾙﾃﾞｨﾝｸﾞｽ,TKY
'2897,日清食品HD,TKY
'7779,CYBERDYNE,TKY
'6134,FUJI,TKY
'4062,ｲﾋﾞﾃﾞﾝ,TKY
'6752,ﾊﾟﾅｿﾆｯｸ,TKY
'7224,新明和工業,TKY
'9842,ｱｰｸﾗﾝﾄﾞｻｶﾓﾄ,TKY
'6268,ﾅﾌﾞﾃｽｺ,TKY
'3401,帝人,TKY
'6871,日本ﾏｲｸﾛﾆｸｽ,TKY
'8125,ﾜｷﾀ,TKY
'2593,伊藤園,TKY
'1963,日揮,TKY
'1518,三井松島HLDGS,TKY
'6101,ﾂｶﾞﾐ,TKY
'1821,三井住友建設,TKY
'2296,伊藤ﾊﾑ米久HLDGS,TKY
'7832,ﾊﾞﾝﾀﾞｲﾅﾑｺHLDGS,TKY
'8703,ｶﾌﾞﾄﾞｯﾄｺﾑ証券,TKY
'2914,日本たばこ産業,TKY
'6330,東洋ｴﾝｼﾞﾆｱ,TKY
'1540,純金上場信託,TKY
'2281,ﾌﾟﾘﾏﾊﾑ,TKY
'5901,東洋製罐ｸﾞﾙｰﾌﾟHD,TKY
'4613,関西ﾍﾟｲﾝﾄ,TKY
'9065,山九,TKY
'3281,GLP投資法人,TKY
'6480,日本ﾄﾑｿﾝ,TKY
'7226,極東開発工業,TKY
'8098,稲畑産業,TKY
'1330,ｲﾝﾃﾞｯｸｽﾌｧﾝﾄﾞ225,TKY
'7966,ﾘﾝﾃｯｸ,TKY
